user_id,username,email,pw_hash
1,"Roger Histand",Roger+Histand@hotmail.com,pbkdf2:sha256:50000$27tb2qgX$64cd47b7cbd27b0f27f170a26e0e434ae24a310cf2e4704f075fcc9f48339c8e
2,"Geoffrey Stieff",Geoffrey.Stieff@gmail.com,pbkdf2:sha256:50000$ZKEH4LvN$c16172a5a217c2410d410daf558ffaa2fecb088bae29913277f75151f4719e27
3,"Wendell Ballan",Wendell-Ballan@gmail.com,pbkdf2:sha256:50000$QvV3EqQX$6dad4d42045b6542b6b0d888f7c6e679e77495451ee9fe1c96763ee8f2f82970
4,"Nathan Sirmon",Nathan+Sirmon@dtu.dk,pbkdf2:sha256:50000$MovIOLn0$e0af4cf3c3d9d08c45d545d7b7c7bcab4d85adb22b982b08ee4eeb9027e0ca99
5,"Quintin Sitts",Quintin+Sitts@itu.dk,pbkdf2:sha256:50000$yYgaCgtd$b49565a57e59b7a0304e3dea5d1d2bb0bfb0f31e89d9219474af16e6df229680
6,"Mellie Yost",Mellie+Yost@ku.dk,pbkdf2:sha256:50000$Cjdpb6D4$519f301f929bdf09d98cbd902b25f5bfea2d63abb7fcb81263f525c5298f71a7
7,"Malcolm Janski",Malcolm-Janski@gmail.com,pbkdf2:sha256:50000$ZTfKohmV$d515c06e56044a21c0e9220368223f6fed4076f954fcac07b425d17b6d6ee77a
8,"Octavio Wagganer",Octavio.Wagganer@dtu.dk,pbkdf2:sha256:50000$XwjscMrv$9fa5affb38756fe139e84b8531e9ae88dcb0ac7977decd1f71e79097cf7dec66
9,"Johnnie Calixto",Johnnie+Calixto@itu.dk,pbkdf2:sha256:50000$N1OvSUzW$66e96a011582cd7460f1abbd4dc5cfa9a342ddbe157637fffbf37d35a8b99d9b
10,"Jacqualine Gilcoine",Jacqualine.Gilcoine@gmail.com,pbkdf2:sha256:50000$89O5RXVg$b2bece16770f635f88981f6579a9d3f4a9781f890660dfba449ffde575362ad4
11,"Luanna Muro",Luanna-Muro@ku.dk,pbkdf2:sha256:50000$AQeomltb$647145476fff25d3c63c524bca98132fb8d8d3b725e009e2f4f32c6c03ff0741
12,"Shaunda Loewe",Shaunda+Loewe@gmail.com,pbkdf2:sha256:50000$uR5XxPst$eb21b9fbf1ad7fbdc76565b09d1b03b74e4557d46379e79ba482ee4de485031e
13,"Lowell Caneer",Lowell-Caneer@gmail.com,pbkdf2:sha256:50000$QBeqckEn$50d868ed44109e3a1a2d781096ce95c202e84e7026df55f1d5c54c994917c1ff
14,"Roderick Tauscher",Roderick-Tauscher@hotmail.com,pbkdf2:sha256:50000$gC66bi2q$23b232086585e2fe7f7629affe525044a065930716ea47ed5d1bf9c26cc28d2b
15,"Kym Yarnell",Kym_Yarnell@gmail.com,pbkdf2:sha256:50000$Wzt96GJr$01da6703196aa797d8b1702404f5b0b18b63f4d5fbddd3202139a7eacf124ec3
16,"Sherril Tazewell",Sherril-Tazewell@ku.dk,pbkdf2:sha256:50000$DmgbjALw$73f467b29052fa1df1ce3a51f875c52df62004c81010f608dadf0814801e957d
17,"Blair Reasoner",Blair_Reasoner@itu.dk,pbkdf2:sha256:50000$vtzamLRY$b87092808934688cd1559b224ec28f08b9cc4f8ab8123742b802bf41933104a3
18,"Rhea Pollan",Rhea_Pollan@hotmail.com,pbkdf2:sha256:50000$SBko17bM$ba8aba0bc9b2a5f1d94c16917d686995d5f83b6b0b5ea32369339b8875e3cbc4
19,"Ayako Yestramski",Ayako_Yestramski@gmail.com,pbkdf2:sha256:50000$6uou6Ua0$e3f518876f8e9b78313f85cf93c3edab4194cec049f514c355d17886cc390fd5
20,"Georgie Mathey",Georgie_Mathey@gmail.com,pbkdf2:sha256:50000$Qbgun6PL$04e33ad640aa6b3693a2fe75ea6309851e8b3abf5814f8e83c3c9d6ab8bb2abf
21,"Beverley Campanaro",Beverley-Campanaro@itu.dk,pbkdf2:sha256:50000$3oVAAVKi$2c2b3afb0c5c662c74b1c4472d2607c4f61ff300406e1d19e060e48b5359ffaf
22,"Leonora Alford",Leonora_Alford@hotmail.com,pbkdf2:sha256:50000$Jcv9KMum$dbbbf7b5e43b8ba0cd7c930be4e8e9cddc276b98fd58712121d6a8ceedfa6009
23,"Odessa Redepenning",Odessa.Redepenning@dtu.dk,pbkdf2:sha256:50000$WSuJJO5g$531e46be0f15ccedd8a13e67cec9b8a6d7e0a4c83c99bb1b87a931b0f5d91a33
24,"Quintin Reimann",Quintin.Reimann@gmail.com,pbkdf2:sha256:50000$ISWjy2FP$3503c99cd5a9b364d6dc37ae8437328fdb9effd1a5f5ff5bc940499322d75cd2
25,"Johnnie Casasola",Johnnie-Casasola@dtu.dk,pbkdf2:sha256:50000$LwNLbai3$5a338d4cf586ebd712bac4ab15d2e1b781ff83474bba91ccc59950865bcbdaff
26,"Enoch Herdman",Enoch_Herdman@itu.dk,pbkdf2:sha256:50000$vcWOBoNJ$74bf3e0f49c76096bdc2f7d0c31da9a333342c7ca874d63b29440561b810ca7f
27,"Angeline Sasse",Angeline_Sasse@gmail.com,pbkdf2:sha256:50000$Vv0iklCy$3be4cadacddbf47ee04a5cbe187e80dd08c7fe7d7a024ac87019f4ac66af2875
28,"Guadalupe Rumps",Guadalupe.Rumps@itu.dk,pbkdf2:sha256:50000$kt5biKtg$a617ce1660c9fa586bbdaaba5a0620d5aa270b01833a05e00f32990136c16576
29,"Lien Pons",Lien.Pons@ku.dk,pbkdf2:sha256:50000$nu230j4M$416aad5f4a6dbbdfba1440b03a925a5c242216dca7decb3e0d9d1a70560f477a
30,"Maria Aceto",Maria-Aceto@hotmail.com,pbkdf2:sha256:50000$I3oJn2ZI$d37629dc756eac5104a36ff5168d939caf389f5807e95bb6ac8f3b8d6664a296
31,"Caitlin Kenndy",Caitlin+Kenndy@protonmail.com,pbkdf2:sha256:50000$WL0K83Th$86b75de05fb3e230bd06b70936e3f2393532ea67c5d83c0cf0a5e42f49c131b5
32,"Carrol Hollopeter",Carrol.Hollopeter@protonmail.com,pbkdf2:sha256:50000$5vHh64Wr$dd09ec345daed3dd7aea364329c1c554c01fc96b16f374bb69dad5760e729bd0
33,"Logan Labarbera",Logan_Labarbera@itu.dk,pbkdf2:sha256:50000$gYZJQTDO$1af2c9be203e3ebd1f09b49718390f7a5acf15f3d51f92bf48874a3d4b848262
34,"Buford Hunsperger",Buford-Hunsperger@hotmail.com,pbkdf2:sha256:50000$DJnHBhjK$2bd5ce0e3d07e2dcae1af966f12f9877fa4f5470f75d4dcfad9c3d93b8b1464a
35,"Hildegard Rediske",Hildegard-Rediske@gmail.com,pbkdf2:sha256:50000$CHdIHZV8$d82a13e6bde28c61ff86b332daa3e59f3abd0e9aeae2292867377e6cb4a13a8a
36,"Bret Santrizos",Bret-Santrizos@dtu.dk,pbkdf2:sha256:50000$SshTWwR0$3905eae464acc5408b706e92044bc1166330e850c821c0b6eaeebd4cfbe702c9
37,"Rachal Hoke",Rachal.Hoke@hotmail.com,pbkdf2:sha256:50000$iCBxON9Y$fe56030c1540802e5fc36a56973a28a80846dddd0772cf7295c7fea3362e3e92
38,"Cherelle Yeaton",Cherelle+Yeaton@itu.dk,pbkdf2:sha256:50000$E7ZJbjIM$1e77005f405630488f9c93af9104efda1f1eb3bc6d4cf2649f7346a2733d213e
39,"Maribeth Chenot",Maribeth+Chenot@ku.dk,pbkdf2:sha256:50000$loo3Ijky$82ff5a7e4e91e84f159da454ce3f7714e43edb18c77631c52499a6d3ba051fef
40,"Meridith Bemrich",Meridith-Bemrich@protonmail.com,pbkdf2:sha256:50000$riG6Gu3q$29ea1ce5f65b1c46bb5d68ed75a5ce28ae78e872dd0a42d78e87e1b4ade5b8b1
41,"Shalon Schuyleman",Shalon.Schuyleman@ku.dk,pbkdf2:sha256:50000$g3LLe2el$b754de03e295179f49128e867cb92734b5b6bb8cc003d1f56f61bb0a8e4bf494
42,"Shizue Linde",Shizue_Linde@ku.dk,pbkdf2:sha256:50000$fwrZCXzk$c53b75843d799d5df160743cb74360c79f7370ea2a5612406961f598a73a7c9e
43,"Tyree Hotz",Tyree_Hotz@dtu.dk,pbkdf2:sha256:50000$1b8kIvUC$a97ec21b394dff49373c0dc3a77989b05dfd6b95d4991f233a39be557759aa11
44,"Barney Allyn",Barney-Allyn@protonmail.com,pbkdf2:sha256:50000$zR17dRuC$c2c3a0f57318c482a21aa02c4db038269c21facfbaf0c460003d234f2a85c1ca
45,"Otto Simcox",Otto.Simcox@itu.dk,pbkdf2:sha256:50000$Mw6pj6tO$f1d0e6c40097565920b990eec433df46dd7a871e5fd8d5dede98b3aec3e356e0
46,"Kris Berdine",Kris_Berdine@itu.dk,pbkdf2:sha256:50000$OFcoXvXt$7cc186531d4900e1d32ff7ec584e5a1b4d27d885c1872459f4f66dd1b618a6ff
47,"Diana Hoeschen",Diana-Hoeschen@ku.dk,pbkdf2:sha256:50000$umxjegbw$d0ab772253302463aed3470fdb20fa3a369b1b5258e60346961f5ca59da62b60
48,"Lynn Harnden",Lynn.Harnden@itu.dk,pbkdf2:sha256:50000$Znyx3moh$f6eefefdddf3a1a422d892f76b266c44352b5384a332577e1d58cdacc0b84355
49,"Noelia Flot",Noelia_Flot@itu.dk,pbkdf2:sha256:50000$FfDuWKQ5$35c02a24303cc842e4c5eeebae2ccbe936d549a82b43e127ec91a9398c6ec4d2
50,"Carolina Wiatrak",Carolina_Wiatrak@hotmail.com,pbkdf2:sha256:50000$6JUJNZlE$55db9699468df581e610b582d35c978389d06e390f2aaa1da5d4ca63771d3791
51,"Brandon Appelgate",Brandon_Appelgate@ku.dk,pbkdf2:sha256:50000$ZJ6WHshB$70ebf199bb6927ee53658dc4d3f369fd48e3d4006219661bd4e4a5316966a065
52,"Dion Metherell",Dion-Metherell@protonmail.com,pbkdf2:sha256:50000$IWs99qM6$bf676dee36d0bbff4855bb97071437d41a38285b0f1d08f33d9a149dcd154e50
53,"Andres Lebitski",Andres-Lebitski@gmail.com,pbkdf2:sha256:50000$FtKN7Kn8$62b57b4d134bfbcad5862f769e824f95f141ee9c45093d38c341e10d28781a32
54,"Lucille Cardinas",Lucille.Cardinas@gmail.com,pbkdf2:sha256:50000$56xS0MOw$576aa98a6a0b3c2a791469ed61b21dd3a2853abf02f8f400c3c38b1af39f4b0a
55,"Clair Mccoard",Clair+Mccoard@hotmail.com,pbkdf2:sha256:50000$s3lOHXfL$165a3c20033733601d61ddfde53e50973e675e52a450e5c46bc6fea3a59de31a
56,"Jess Betzig",Jess_Betzig@protonmail.com,pbkdf2:sha256:50000$uzFZ2WJz$e49e47fe5b38604b556d0c41232d450b6f479bfd345e09703583203026eb2eef
57,"Candida Vimont",Candida-Vimont@itu.dk,pbkdf2:sha256:50000$RPfqPahc$acb0eeee48de9cde6eaf0b7009ef0ce259111f5b94474a0d594530a955eb253f
58,"Melissa Findlen",Melissa+Findlen@ku.dk,pbkdf2:sha256:50000$qZXrwrap$8dc2d37ed84e3d132328060fa3357b57d3be100d4082cae95697bc91db3c363b
59,"Olen Hain",Olen-Hain@dtu.dk,pbkdf2:sha256:50000$6yeEgMOn$9c695344454ea3990bff713db15f5b485da599b6f5f8259ed0ed0a7a017d5394
60,"Madonna Brown",Madonna_Brown@hotmail.com,pbkdf2:sha256:50000$bJfIvhmA$df789981759a62c9b3cd443c0857463e1837d973724f7c5342c2c53c68b58a8d
61,"Jean Leasor",Jean+Leasor@gmail.com,pbkdf2:sha256:50000$qSF11hDO$8de3cfe2bbbf6bfcbbf94f600e075e0ad54b034ebee87d69643d5aa64859448e
62,"Carroll Begnaud",Carroll_Begnaud@itu.dk,pbkdf2:sha256:50000$q5h8clVC$be26aee311eeab1f6d128ce6e973f3125034415b1b3cfc44adbe2565268c9790
63,"Dorian Tomory",Dorian-Tomory@hotmail.com,pbkdf2:sha256:50000$LWqnQPIZ$ab77027aa6098961a7ba8e4cd4d2dda8ff4ac8a8e9d9dc4a645cb9aae16cfa0f
64,"Hilario Bendlage",Hilario.Bendlage@ku.dk,pbkdf2:sha256:50000$Py5TLvU5$b72a3684635431b3467c9726674c46be5f2b67cbd77db31bacaa38932e26bd9d
65,"Tamie Debeaumont",Tamie+Debeaumont@gmail.com,pbkdf2:sha256:50000$bIsCA5vF$16cc21bdfe317da9d9731556b246355df6c2c081fc556d2919b16596d2189a7a
66,"Blake Kapp",Blake_Kapp@dtu.dk,pbkdf2:sha256:50000$MA9bCNeb$72dd989af71a15653f11cfed678c069220e27b56a73d58f40f214691e73fb292
67,"Sanjuana Garibay",Sanjuana.Garibay@itu.dk,pbkdf2:sha256:50000$4y6x3ql3$de13a167e8c05f52e8724c85033ee2b64e9a29b85ca504f56e0d748710592b76
68,"Hiram Lauchaire",Hiram.Lauchaire@dtu.dk,pbkdf2:sha256:50000$qtg5wsog$9e1a39aa982fdda9e109876f791a38940644c70a97e126f4ecc17c9cb51ed0d9
69,"Eusebio Oestreich",Eusebio+Oestreich@dtu.dk,pbkdf2:sha256:50000$O16ehSn5$01e546f0a75e76c0f50a335aff129731e564c027e9191cc56248775abcef04b0
70,"Sal Nases",Sal+Nases@dtu.dk,pbkdf2:sha256:50000$mVB6w5wg$ac1d43f1d27774f5653966f7d018f8fb88715c58b3c93944b0c7c138c8558148
71,"Valda Brokaw",Valda.Brokaw@dtu.dk,pbkdf2:sha256:50000$6d0KfLf3$816e9f2059d23e4d38c2bba8166de1c26bd32799a90938ee088f0634aff919c1
72,"Numbers Shanley",Numbers_Shanley@dtu.dk,pbkdf2:sha256:50000$j0pZv80K$0fb205e0d5b1e02840fc6976b4cbcb174e7fcc3426dd4949087f2188a23c4746
73,"Sonya Hoffstetter",Sonya+Hoffstetter@gmail.com,pbkdf2:sha256:50000$fEWumdId$eb0e0fb6421c3daa514993a21fe9d3a44c656d2b8bb9158d3fd8d455f5339cf0
74,"Cameron Winge",Cameron.Winge@gmail.com,pbkdf2:sha256:50000$eaPzrjvg$3e77c197a9f02b2597b23375ab510cd9bebf2a351a41e9466eb4a857ce8466c1
75,"Donte Hua",Donte_Hua@hotmail.com,pbkdf2:sha256:50000$IoLgbYqW$39bd35d53001ef1c36e4c83f6e1f8c8214b703670ae36c38a07acd729c0954da
76,"Kyla Gierut",Kyla+Gierut@hotmail.com,pbkdf2:sha256:50000$h4PoDORJ$cc2e3ae38c8b3ef560693ee60c58892b45c2dcfc7ee9780b1eaa1338bd05d151
77,"Thalia Averitte",Thalia+Averitte@hotmail.com,pbkdf2:sha256:50000$LM45loMr$bf46b639d8b56cb6a11485e6dd6a43ea45edc7df9413113478af1419e1733f9b
78,"Sherwood Bonnel",Sherwood-Bonnel@hotmail.com,pbkdf2:sha256:50000$pcBEcdUL$546fcf1a8da6019ff2b364169260fa03c849eaa5c3917cd8726a33cbb6f017bb
79,"Tracy Mckim",Tracy_Mckim@ku.dk,pbkdf2:sha256:50000$EA5rsONm$f0a6315996c1ebbb9cc9266f1a6d8accca87e02e5e0acf4c985e6821b9249515
80,"Eloisa Distel",Eloisa_Distel@protonmail.com,pbkdf2:sha256:50000$A4mdQF35$1ad780dbe1abd72167b41ff83d4adcbefd50ed5b942fe83aa8923f3fb8477ca5
81,"Jackson Callas",Jackson.Callas@gmail.com,pbkdf2:sha256:50000$d9DGWxlu$13aa2f5f1a75f82fa44d44cde28298c903a16a36d79e7e59e45445a4888f1830
82,"Isaias Aspley",Isaias_Aspley@dtu.dk,pbkdf2:sha256:50000$ktmBRPq1$0e9bbdd6ed400651d11ffe69d693cb514eafeebc650affe809ff34b62991242f
83,"Leigh Kahuhu",Leigh+Kahuhu@dtu.dk,pbkdf2:sha256:50000$zm18Wq1u$6ff907f4680744815debc4f264c8138c1b87766f442152688d1f5c3a65d5dfce
84,"Kathe Overson",Kathe-Overson@ku.dk,pbkdf2:sha256:50000$YyHk7d6N$58e722c4e0646511fc355f34665e58bf7d9784366b6adbfaa821dd6368e16620
85,"Lynwood Lomax",Lynwood_Lomax@itu.dk,pbkdf2:sha256:50000$sEZg7cVA$1ca12b75e35b76b37dd72a0cada41d74e9184318b9d22aa620b6c66a33fdf022
86,"Salley Twidwell",Salley.Twidwell@dtu.dk,pbkdf2:sha256:50000$of3IFZ0f$718708951d5ce72ff9514d1eb4ed025c68fa283f7f4abfeb3ebfc7b69fab0086
87,"Ruthanne Nusser",Ruthanne_Nusser@itu.dk,pbkdf2:sha256:50000$uq6NOBrJ$fab954e6169d866523b10d3ea24bc3682b271f07eb79c9e4c1b9b296264e3ad8
88,"Kasi Araki",Kasi_Araki@protonmail.com,pbkdf2:sha256:50000$m7dZNKF5$75bc2e3fafe71021c56baf76bec3272e881fa58b8d3292b8ab9fec98bc673508
89,"Ed Benker",Ed_Benker@protonmail.com,pbkdf2:sha256:50000$D66XreN3$79847acf71db8a15f349f4b081be3259b0cd589f9b16f5bc8205c4ae69bd7892
90,"Marjory Cuccia",Marjory-Cuccia@itu.dk,pbkdf2:sha256:50000$9LyMzbiX$e6b96bcaf27638f0b8a000375192c4aa02cf2a2d52a18ac45a8809469bc2f40f
91,"Rebeca Witkus",Rebeca-Witkus@dtu.dk,pbkdf2:sha256:50000$Zb2PDjFY$51a36aed7718acb0f1fe5d474dc2fa0301d6c622a389187b38ba681d17212285
92,"Toya Zesati",Toya-Zesati@dtu.dk,pbkdf2:sha256:50000$8hM81MXl$7a470f102d747e4e79fc5b67591bda9721996aa804e2aac8108d42a2aca5fd98
93,"Palmer Stroot",Palmer_Stroot@hotmail.com,pbkdf2:sha256:50000$craAb9vj$fc1f88a4738e3fe96cfa7fa4ffcefb000ea3e3bfb81a630ea358b706c6f1dcaf
94,"Shauna Yamasaki",Shauna.Yamasaki@ku.dk,pbkdf2:sha256:50000$cEeLuRfo$c50f573983dd4177798c7b23a752b3213eb9adf424ce5feb8a7076afe900cabb
95,"Rick Digiulio",Rick.Digiulio@itu.dk,pbkdf2:sha256:50000$7Er4Y482$e23c065ee3e89371e5e96b7bfd1c74e8c058c56cad51dc1c64f69ca576379078
96,"Marisela Vincik",Marisela+Vincik@hotmail.com,pbkdf2:sha256:50000$xfP9tWgL$c216dd1134bb746c19bd6f4e585cf42c362966df2fac8370e8c95127c4e32309
97,"Natividad Ballar",Natividad-Ballar@gmail.com,pbkdf2:sha256:50000$xqG5YFz5$b049b14f724661247d084f5d0ef811b55e0b817a794020979396b94d43b4f495
98,"Rob Mclamb",Rob_Mclamb@dtu.dk,pbkdf2:sha256:50000$14r9ZmGv$687add64c88bb94a472307df348679570d7bfcee54f7f88a12a41775ad4185e0
99,"Apryl Rowan",Apryl-Rowan@dtu.dk,pbkdf2:sha256:50000$6RwVKJLU$4d67b9583f211700c890c280c9f236ec67905223dd052caa167103e7f7901542
100,"Marquis Luque",Marquis_Luque@protonmail.com,pbkdf2:sha256:50000$u2qD5yav$51bba48bb465ee76381ef79dd898c0b63f874327e505b4bb7bcd0d60ab60f77b
101,"Darci Chiarella",Darci.Chiarella@ku.dk,pbkdf2:sha256:50000$g7NkCP3b$984923b828dc34b4753eeb456e49a2ebeff74b839899cb86b9cff6ce8ae23474
102,"Gladis Massaglia",Gladis_Massaglia@ku.dk,pbkdf2:sha256:50000$xyWe4w1N$86105bad00438eb932af46ab0a445e8258443898072de9d43fbe8f167c70e5eb
103,"Gayle Hayoz",Gayle-Hayoz@gmail.com,pbkdf2:sha256:50000$Om6MaLxS$34d987ea32f551980357d29910b93b8216494c413967b97380e53dfac9e0c099
104,"Charley Makepeace",Charley-Makepeace@protonmail.com,pbkdf2:sha256:50000$u73j2sum$da1a0e85c8c08b18952ad3346a83dcf5122293a219b871fa6c8346c08e07cb52
105,"Lyndsay Corti",Lyndsay_Corti@dtu.dk,pbkdf2:sha256:50000$a9iF38fC$27c72e5551b713ad6e0ac2398d506cabb78e68ce4b29c8d5a704921d2f2b9c83
106,"Landon Zee",Landon-Zee@protonmail.com,pbkdf2:sha256:50000$gX1qrWFC$724790a9519cec33054cb719dc3a06d9b3e207ce899c059aac4c0f068ef8385c
107,"Giuseppe Polek",Giuseppe_Polek@itu.dk,pbkdf2:sha256:50000$SJuNqFcP$ad201904ac9b26e67da5e8228f6ec170f8185ffc6387e01cd0bee92853f6ee18
108,"Jeromy Duclo",Jeromy+Duclo@gmail.com,pbkdf2:sha256:50000$ubmgCEdB$55dc6e93615c42be5930331a268e3a56c914ddd0e5e3aeb41faa3c5ff7bf83cf
109,"Norine Mittman",Norine_Mittman@protonmail.com,pbkdf2:sha256:50000$q2aSHq7g$cfc6890f19ec047908ed26ee22b852a8696649db76174dfd1b44adb102fee006
110,"Cleveland Delage",Cleveland_Delage@protonmail.com,pbkdf2:sha256:50000$27jEM5EL$18da626e88e18769e0da11eac1676eee986a0ac7c0baaa460bd32b493f373e82
111,"Karyn Chagolla",Karyn+Chagolla@protonmail.com,pbkdf2:sha256:50000$lOOUHk4M$535deff42675384c673422dc66c52897cf745e796273cd6eccae24fbd34b2dc2
112,"Berry Steinhoff",Berry_Steinhoff@protonmail.com,pbkdf2:sha256:50000$xK47UnZN$05fe96e6c08c6e922ea9f7401e51690a836f3a70e8f9fb963485ecc1f71e8bff
113,"Louie Tugwell",Louie+Tugwell@dtu.dk,pbkdf2:sha256:50000$V6Hm6Hoo$86a4d18efe22e7e277bfad0c6fe78c046b8c9520f0ac6e4a2b17008b651b48e0
114,"John Peressini",John_Peressini@protonmail.com,pbkdf2:sha256:50000$H949mWZu$032ef0a2c0d4c80f9ea4c5e7d9a1c29b4714fbe689332f0d40f8de9b519fab11
115,"Ruben Pizano",Ruben.Pizano@protonmail.com,pbkdf2:sha256:50000$GFlD9rVW$bf5017870ff7c149b73427d76d5b09c048be67f38f65891ac8a0a2a89ef3f200
116,"Vennie Huddleson",Vennie+Huddleson@hotmail.com,pbkdf2:sha256:50000$XTrpm4FC$4cbbcfb8e34ab82e6cbd4a937a31dd98c13d28e48a7c6f9181bfcd1e3652defa
117,"Maricela Mcnurlen",Maricela.Mcnurlen@ku.dk,pbkdf2:sha256:50000$kxHNim5U$f1a6046707c81f5e0a3a71e3bc237a977034c9ffc4b850032ba181c3e4f49345
118,"Lyman Foxman",Lyman+Foxman@gmail.com,pbkdf2:sha256:50000$7Ck2J4OB$a7971c20019772f510a3cfd914d86156c0f7e023f457ee8593a20b47df785caf
119,"Numbers Busey",Numbers.Busey@protonmail.com,pbkdf2:sha256:50000$NKQUXJrE$a348baab50a61d37dc0d2df58ea654e88d826cad205ad96af5c4bd404fedca63
120,"Nakia Vero",Nakia-Vero@dtu.dk,pbkdf2:sha256:50000$eECVzCIy$f95fc47f8743d2f37f07b27927f3efb26433531eb7037bc6f9f74a549749f65c
121,"Staci Guster",Staci-Guster@ku.dk,pbkdf2:sha256:50000$kEBiW2XO$8cb2c547e77f3e6f63443b2cdb8956f508f39d60d0411080018a42d513833c5d
122,"Lynn Mckeague",Lynn-Mckeague@itu.dk,pbkdf2:sha256:50000$FjstQvp5$930b55293acd868d1c517450b7773a7112c4d7495891ad77d196871ea9dc68c2
123,"Abdul Smeathers",Abdul+Smeathers@ku.dk,pbkdf2:sha256:50000$YIkRexPW$1fed82efd3f6c13d729ed60c83d873a621cf9f0fc455c54ca9ffb7b01a87f4d5
124,"Jeffry Baerman",Jeffry_Baerman@gmail.com,pbkdf2:sha256:50000$sj5naA7O$00e1f95cc866fed020b391274fcd4fd8cb5a2c323ebd42fe78afa066137e37ef
125,"Jospeh Kilichowski",Jospeh+Kilichowski@ku.dk,pbkdf2:sha256:50000$zMXhQPSE$d3bdbc60e1f11676d5693a6cf949c464957e7a7e8624b825ea9b0d8a60474422
126,"Desmond Bennerman",Desmond.Bennerman@hotmail.com,pbkdf2:sha256:50000$9CuPoHyH$9301f6a991a0001be416ad9a321a86a9837fe349941318480b47c39851c2395e
127,"Elmo Liepins",Elmo+Liepins@hotmail.com,pbkdf2:sha256:50000$tboYW0iy$72a5a7d57635d3a3e9146f75c7d3c91875f509ed9004c192075e206a7a65da44
128,"Elodia Rohlack",Elodia.Rohlack@ku.dk,pbkdf2:sha256:50000$4G55KVQc$9bf7241eb4df9bde85272e613fedf9912a5ffdd6d3fc4b427d3ae952afa54048
129,"Pattie Mellom",Pattie+Mellom@itu.dk,pbkdf2:sha256:50000$CedvXNWd$652fe12fe9aa580831c706b730a376cb2fdbaf5b9e995904d9dd511fa25f8e7e
130,"Kerry Passer",Kerry-Passer@gmail.com,pbkdf2:sha256:50000$UBMVRI93$daa9b8045e3886b32918039faf0aa4594c33a52097c0d9f8ee39244a39d89e5b
131,"Janyce Freytas",Janyce_Freytas@itu.dk,pbkdf2:sha256:50000$XIBUCqUb$2f52dce46e05d050a19aa61ffc4df950d54e2c60d242501599f679a0ab49575a
132,"Claudia Giacchino",Claudia+Giacchino@ku.dk,pbkdf2:sha256:50000$Ba9ob0JG$90374d35c8707a88ac5163043705ad22a7fbc7876745d5e92d56df32feb588c0
133,"Rudolph Sommons",Rudolph-Sommons@itu.dk,pbkdf2:sha256:50000$oiiu1RmQ$d61ee9af25444b28eeea51e349e171950f39c0561aff1ee87628de5a2ec54c87
134,"Lanora Kolinski",Lanora.Kolinski@gmail.com,pbkdf2:sha256:50000$7qVQ3WLE$76070c34f83e8d3b5392d92e3c61d61a02da3996526e29194b4c95543ccf2327
135,"Olen Boothroyd",Olen-Boothroyd@ku.dk,pbkdf2:sha256:50000$21Urvrgh$6c23df4ce97fae0c49839f77f1dbf0ccabf262531960be19bc1fcbdfb5e75f6f
136,"Breana Sissom",Breana+Sissom@protonmail.com,pbkdf2:sha256:50000$NSO8QDlh$cd63827bdd82c82cd7934b86b522597c3c56b8aeecb3e058368df346c8af540c
137,"Shanda Tande",Shanda+Tande@dtu.dk,pbkdf2:sha256:50000$n25IWDAj$8e9fc1ad9a8fcaeb689693e2c2406769985882c2050d85f99d267a016001ee84
138,"Shannon Casassa",Shannon.Casassa@ku.dk,pbkdf2:sha256:50000$cZ8AzPRu$0da6624164fe8e3aa27f2c116b3823fa7bf7cc92124f327d156843395ba61253
139,"Aurelio Madena",Aurelio_Madena@ku.dk,pbkdf2:sha256:50000$SkMUFQ9e$69803bfcb3c9d16fd18deff861035e419a3ab26b02b60d9200ef13df0f394101
140,"Josh Hiler",Josh_Hiler@hotmail.com,pbkdf2:sha256:50000$aq9OtRdh$6adbc7fb980f6aff97264e8d1fb2293e36c3b0cbc65b352389a4fb6e03220f29
141,"Waneta Ungvarsky",Waneta_Ungvarsky@ku.dk,pbkdf2:sha256:50000$mTXSB3cP$caad7967ba110d57d9dd827c0f1720ac2b7d5f99d92febabdf54f96324632781
142,"Stacy Consolo",Stacy+Consolo@itu.dk,pbkdf2:sha256:50000$bybWXWRN$2387ce0dd2f8e2177bb3b9ff550323473e386e637ff7bcc98e042ba2d77e2db7
143,"Margherita Topal",Margherita+Topal@hotmail.com,pbkdf2:sha256:50000$fj9bFrOP$bdd5abfa6d9f0411f31c11ae18473e17cbf5606cfe7272d2ce4e6ac243c5c776
144,"Lenora Wenk",Lenora+Wenk@protonmail.com,pbkdf2:sha256:50000$zjCspVn5$bce8faff4433b8fe9b3f03d5c4523115152cdb2166f34ed60e32be294371462f
145,"Winter Spinoza",Winter.Spinoza@protonmail.com,pbkdf2:sha256:50000$QO3gLlnI$2ad12b39d7964fa7e06e63bda37e52f2c16c5e664579fdcda2d1cfa913bea342
146,"Clint Mccardle",Clint+Mccardle@dtu.dk,pbkdf2:sha256:50000$aSHsO9Pi$2a4835db77bf1bfe4823f165d865f44050b9c535cce5c68db6c65f5774ee2aa7
147,"Ferdinand Gonyo",Ferdinand-Gonyo@ku.dk,pbkdf2:sha256:50000$FrV7FrgR$becbcd5fa232f4febfad638e8d47440b97fd19eb2a0878994f8dda8cc5375e69
148,"Paulene Mathers",Paulene-Mathers@ku.dk,pbkdf2:sha256:50000$SEt5Uycb$16cff2d43bea7341ea7a99940858be36c4543c881f33b4a99a6e4ff7842d5301
149,"Lyndon Olide",Lyndon+Olide@ku.dk,pbkdf2:sha256:50000$EZwJJoIN$8ef582bcfe07375487a77572003fa40fccf85c3753b608cf593b32b229348385
150,"Chi Mccallister",Chi+Mccallister@protonmail.com,pbkdf2:sha256:50000$TZ0icjSm$3aba0d8a937b8131f77f6c40696de97c5cd215cefc77e1ef227a914bea489cbf
151,"Alysha Turbeville",Alysha+Turbeville@itu.dk,pbkdf2:sha256:50000$l7ghLpdZ$5c2145ab472666fab9df8484fc4d2022568be3e9d526368a38bdb37e07cd80bd
152,"Cristobal Hickonbottom",Cristobal-Hickonbottom@gmail.com,pbkdf2:sha256:50000$h3dsvi8F$a5aa58bba1073fd98fb51d1de0a88cd9ad9313229f172fcc16c8027a1d7b858a
153,"Markus Goes",Markus.Goes@dtu.dk,pbkdf2:sha256:50000$iBMgQDsx$5c6f1c0ab99a3e2ebbc9c66f17434f638160ea5bd32f18b424025834eb775fd1
154,"Dana Hasper",Dana-Hasper@ku.dk,pbkdf2:sha256:50000$taYu5WC7$bd2d1d7ecd41345900459a8322481d4ca007ea7283828cddd9c8be6c88c83e20
155,"Katelyn Frankiewicz",Katelyn-Frankiewicz@dtu.dk,pbkdf2:sha256:50000$RIeHDMEg$00519f7efa81fc036aba8d0233bb66aba985189eec36e79eb6674196cddc242d
156,"Cleo Grulke",Cleo+Grulke@hotmail.com,pbkdf2:sha256:50000$jC83Rtf6$24763aac86d9c6aa63ee6ac811d9303b5bc9a781aa30d149a280342833f2835f
157,"Dane Megeath",Dane_Megeath@gmail.com,pbkdf2:sha256:50000$Ex8mpoyY$009242e821ec8fb0c2b1fafda86f935a63258229f82513cbe228fb7d99e07284
158,"Chin Radish",Chin.Radish@itu.dk,pbkdf2:sha256:50000$K5JQnLuE$66a582da42f2cab2588a1504137c62b57b5898604f60c3d46430e605477e8cef
159,"Martha Demuzio",Martha-Demuzio@gmail.com,pbkdf2:sha256:50000$DIh8Objt$f885aec86f76411686abe2a66b684e05373ec0dfce66197e3e650c7cd158e095
160,"Caren Swiler",Caren.Swiler@protonmail.com,pbkdf2:sha256:50000$5vVJ9VeX$370b30d2d308388076b08dacc13056db764e7e025038275863063472828cd6ab
161,"Federico Nowlen",Federico-Nowlen@gmail.com,pbkdf2:sha256:50000$WkuCuzt2$52d6786663f8838cff5588fdae766fa0a85765589563720ee38eea4c5c5ca4d2
162,"Bret Iuliucci",Bret+Iuliucci@ku.dk,pbkdf2:sha256:50000$snjetV3O$7a99c75067651de70af5c6c10b1b6fbcccb68270f1fc82a2a666a380746e984c
163,"Vania Nimick",Vania.Nimick@protonmail.com,pbkdf2:sha256:50000$3YB2hFym$00879fff520ea3504a4e10c9244f29a29cae918687e5e38bfa2dce7720dd44ee
164,"Johna Slaybaugh",Johna.Slaybaugh@ku.dk,pbkdf2:sha256:50000$lKKkSnT2$3ca9c2b0d376b77a79414692024745a65d7d8759f80a3a3c505ff90cd12d3ccc
165,"Katheleen Ekdahl",Katheleen-Ekdahl@dtu.dk,pbkdf2:sha256:50000$yrzP2sms$69af7e59984e43855f06db4b6526ed0deae5eeff44057607fe39b7671f4016a5
166,"Kelley Praytor",Kelley+Praytor@dtu.dk,pbkdf2:sha256:50000$DoQ2c9TF$6a455a2424c3740147dea7e7a962ce3771bca0e32f5b598ffb4972f8d6c938ec
167,"Hyo Stricklen",Hyo-Stricklen@gmail.com,pbkdf2:sha256:50000$H5Er7Djr$4ce05d5b5b64a46a7331a97bcdfd9b9b9701bbba19b4407efa47ed0b4c4487e6
168,"Latashia Moraites",Latashia+Moraites@itu.dk,pbkdf2:sha256:50000$AES2BvQY$20496c27ea8b01ea6e46a0183458fd58dd45ff6f969155f331f27f0a07fe8f02
169,"Jerrell Camilleri",Jerrell.Camilleri@gmail.com,pbkdf2:sha256:50000$6KaVqSED$72b3e61f81cf4f98bc583152d12afe55b8f1ce4a460d68a19409e568d277cfef
170,"Dominga Barcenas",Dominga-Barcenas@gmail.com,pbkdf2:sha256:50000$RF48w9yo$b98ae0b80971a2f13c7271a2c121d7b251e4cb10ede0473033e1d17d72f27b36
171,"Domenic Kriegshauser",Domenic_Kriegshauser@protonmail.com,pbkdf2:sha256:50000$rcDDKdHy$36bc3ccc1f3159d547afe52f49c95ba63cbba477a803dc56757052bed9c55f4f
172,"Margert Healy",Margert_Healy@hotmail.com,pbkdf2:sha256:50000$VRP4www4$bbe5400d221e6c170dc0c0efaa8da48e01d19e3c7f2abe38794c1ab2146f8253
173,"Eloy Phimsoutham",Eloy+Phimsoutham@itu.dk,pbkdf2:sha256:50000$fkZUngey$5e55fc6b605f0fb3e5f2b1fd6dc2385f37e44be58cb109565e300eecf199136b
174,"Janella Bevevino",Janella.Bevevino@ku.dk,pbkdf2:sha256:50000$w44BUNob$550501fcaae15a4f1d63f3546b5fb335d5c19e0a4e9488d93d65936f099a7828
175,"Cheryll Ebbers",Cheryll-Ebbers@gmail.com,pbkdf2:sha256:50000$03KvWl7z$958db96b251ff09adce144d25137147abcc624de7a5b8dacbd5ffac9f489b263
176,"Glenn Corn",Glenn.Corn@gmail.com,pbkdf2:sha256:50000$SwgsCcLi$2a365197986f3d26bbe2069ee88dc04cab3de2b42d0e0c10790c6b8f4898d26f
177,"Dirk Zumpano",Dirk.Zumpano@itu.dk,pbkdf2:sha256:50000$WROxEShS$fe844466f478d54259aecd52ece8c3b0d7b5fbca0973fe14871560cac75a78a8
178,"Rick Hinton",Rick_Hinton@dtu.dk,pbkdf2:sha256:50000$hafwFFCv$a0938a38b74a76983e4ce9e43e5838c41b876c634dd581ac7da6199450c19056
179,"Delorse Tribble",Delorse-Tribble@hotmail.com,pbkdf2:sha256:50000$iktZNJeG$cd07a527bd0bba953c8d0a20024ae6d1cfe676d0dffe778ab1ae6778a6699dd8
180,"Francesco Kassam",Francesco-Kassam@gmail.com,pbkdf2:sha256:50000$UG7Gdm7f$6108079756ebccc0a1214ae8b2f67f6faf37ef2172a493215b614d88988aebe4
181,"Xuan Kozera",Xuan-Kozera@itu.dk,pbkdf2:sha256:50000$MTtpIfV0$cf7c7d15066078840eefb1ca9cb1328d9dca9c2fcbc2c3e01d0cb8850f8a4ff9
182,"Homer Bettridge",Homer-Bettridge@itu.dk,pbkdf2:sha256:50000$3nXjejVA$56ced7f172ec52aaf5149f0fad20c804ef88c2710d5247b2bba4b278f244575e
183,"Edwin Luthe",Edwin+Luthe@hotmail.com,pbkdf2:sha256:50000$eSVmYVud$1c9b3afe6a036f2563c5fa6c3cb36b6f0480a6a895cf44d708d204f738da30bd
184,"Kurtis Liakos",Kurtis-Liakos@ku.dk,pbkdf2:sha256:50000$yhFYeY93$ddb3df22c801dd68323158ba6247be4993592653249966e57e3226a99e286619
185,"Priscilla Mitton",Priscilla_Mitton@ku.dk,pbkdf2:sha256:50000$8vKGS4jO$1545c608b373aa5f2edc987d7565d30dbcab416cefc87d351ad4743d6c458f90
186,"Wyatt Schnorbus",Wyatt+Schnorbus@gmail.com,pbkdf2:sha256:50000$i9cUv8PL$8d4cb96b474f4f9b89d673451662d7b7730ff77aaa194554d7b3b6c36acfb0a9
187,"Kesha Chestnut",Kesha.Chestnut@hotmail.com,pbkdf2:sha256:50000$l6HNfy9y$1b687bc1e2f3b4b4ee7c8496737ead09d1241250b96b53ae2ceee8790ccf8172
188,"Isreal Reefer",Isreal.Reefer@gmail.com,pbkdf2:sha256:50000$7VaLkR4r$25e89e0bb26472c9149d9cf121aacf36bbda34263c29a3564f4e189ffc61a874
189,"Johnette Joye",Johnette.Joye@protonmail.com,pbkdf2:sha256:50000$vgyaSrFC$f772166b0a646c8bedb1be7fa8ceccb87295ca9147099eae70fe963919fe14e3
190,"Johnnie Lesso",Johnnie_Lesso@ku.dk,pbkdf2:sha256:50000$ZuDEoSJ4$d967e378dd774fbf17e4e84b945741e490bf9df1e229646434d15fedb169ce00
191,"Prince Trbovich",Prince-Trbovich@ku.dk,pbkdf2:sha256:50000$QJ1iNMxg$7c1057fb010e1729a755ef6f206e43fd1390d1297702145df5f500078746f30f
192,"Irene Valcin",Irene.Valcin@gmail.com,pbkdf2:sha256:50000$ziLTG1Wk$779a1d1044e803584eed57e9bbc5cf37011cd2c4e5421e47ee66c13e9298d8a4
193,"Caitlyn Handly",Caitlyn-Handly@hotmail.com,pbkdf2:sha256:50000$vytHe9QL$e8de51aa978be72b0d64c54952f3d5e5b246316e1c3038fc15dafca6dd8b0034
194,"Tyler Hautan",Tyler.Hautan@hotmail.com,pbkdf2:sha256:50000$Um5Y6zV0$58e9b430d7feda0d4eb5d359029097c77e8c2b6bcb3ed4163a79d956d53372e7
195,"Kristina Mcpeek",Kristina-Mcpeek@gmail.com,pbkdf2:sha256:50000$3qZNZuxm$4810460f1fffae9757c4512cb6859c1bb1adf95c10359d00ec0c1b5ca6d718a0
196,"Kala Saner",Kala.Saner@itu.dk,pbkdf2:sha256:50000$1sekkrh3$5ad455a9905730a7ecfea5faafba434a6d756561e060f064c39c4df050c1adae
197,"Darryl Bart",Darryl_Bart@protonmail.com,pbkdf2:sha256:50000$HJ2K3iKl$54ced04a4d9b9b908a5e2e73deb559688cb2f4d30645610ef398c1217337db44
198,"Ward Colley",Ward-Colley@hotmail.com,pbkdf2:sha256:50000$FnmYBepb$c961196bbd51fbf6b945d9d44e7a3d20454575c80e3db1b0b556fc666ea53d01
199,"Sharmaine Abdelrahman",Sharmaine.Abdelrahman@itu.dk,pbkdf2:sha256:50000$4kfvJpiq$75bcee5611eb85af6ffa01cbca1ae81fea54503699c602ba64d683362c2ae73e
200,"Francesco Tavira",Francesco_Tavira@gmail.com,pbkdf2:sha256:50000$5soiLE8t$cbf1b03dc8b4c21ea0614fa0a68e14a7b1fefaee9578e60dbb629a58be1d1df0
201,frick,hello@gmail.com,sha1$mI0KVLnE$61e7ea17b4afec6bb8c2537e573cc850feb027e4
202,chris,chris@hotmail.com,7815696ecbf1c96e6894b779456d330e
203,oskar,oskar.loenne@gmail.com,76d80224611fc919a5d54f0ff9fba446
204,asdg,asd@itu.dk,7815696ecbf1c96e6894b779456d330e
205,osk,osbr@itu.dk,7815696ecbf1c96e6894b779456d330e
